{"UNIUSDT": {"consecutive_losses": 0, "blocked_until": 1781562113.1666949}, "XRPUSDT": {"consecutive_losses": 0, "blocked_until": 1781569199.6586995}}